epoch,time,train/box_loss,train/cls_loss,train/dfl_loss,metrics/precision(B),metrics/recall(B),metrics/mAP50(B),metrics/mAP50-95(B),val/box_loss,val/cls_loss,val/dfl_loss,lr/pg0,lr/pg1,lr/pg2
1,8.35025,3.03818,13.8308,2.28045,0.002,0.6,0.0025,0.0006,2.92532,18.4511,2.02088,0.1,0,0
2,16.5457,2.77824,12.0088,2.21268,0.002,0.6,0.00331,0.00071,2.95739,15.818,1.98913,0.0990995,9.9505e-05,9.9505e-05
3,24.6256,3.0027,20.2892,1.96785,0.003,0.9,0.00687,0.00127,2.92773,14.1487,1.85984,0.098198,0.00019802,0.00019802
4,32.6738,2.85245,7.61753,2.02252,0.00376,0.9,0.01225,0.00315,2.85402,11.5666,1.74174,0.0972955,0.000295545,0.000295545
5,40.5139,2.69271,7.55478,1.95654,0.0206,0.7,0.02566,0.00872,2.73839,9.82283,1.69137,0.0963921,0.00039208,0.00039208
6,48.2284,2.61745,7.08812,1.94226,0.04468,0.4,0.04302,0.01298,2.67502,8.08515,1.64902,0.0954876,0.000487625,0.000487625
7,55.9586,2.79214,6.65256,2.02962,0.076,0.4,0.08314,0.02454,2.72204,6.69271,1.64217,0.0945822,0.00058218,0.00058218
8,63.5348,2.60889,5.75604,1.83624,0.11903,0.5,0.13167,0.04122,2.65122,5.85177,1.65178,0.0936757,0.000675745,0.000675745
9,70.9567,2.32939,4.42451,1.6461,0.49281,0.6,0.40277,0.10901,2.53793,5.08839,1.35926,0.0927683,0.00076832,0.00076832
10,78.479,2.51951,4.01449,1.57537,0.56821,0.7,0.52073,0.14801,2.57116,3.54309,1.31069,0.0918599,0.000859905,0.000859905
11,85.7931,2.30846,3.06217,1.506,0.57092,0.9,0.59582,0.17775,2.45998,2.76921,1.22351,0.0909505,0.0009505,0.0009505
12,93.5642,2.16882,2.83347,1.53743,0.70108,1,0.76643,0.27412,2.31424,2.33396,1.17103,0.0900401,0.00104011,0.00104011
13,101.404,1.95583,2.02637,1.3107,0.90652,0.97175,0.98591,0.42745,1.96751,2.06771,1.07656,0.0891287,0.00112872,0.00112872
14,108.631,1.79433,1.72696,1.29258,1,0.96193,0.995,0.59468,1.56591,1.8421,0.96867,0.0882163,0.00121635,0.00121635
15,115.752,1.49404,1.34926,1.07997,0.89956,1,0.98591,0.71857,1.16424,1.50457,0.87969,0.087303,0.00130298,0.00130298
16,122.881,1.3234,1.2626,1.02109,0.8992,1,0.96773,0.79079,0.90976,1.28096,0.8392,0.0863886,0.00138863,0.00138863
17,130.051,1.5154,1.54241,1.09263,0.89968,1,0.97682,0.73413,1.06325,1.08987,0.85255,0.0854733,0.00147328,0.00147328
18,137.107,1.30446,1.25261,1.10537,0.89968,1,0.97682,0.73413,1.06325,1.08987,0.85255,0.0845569,0.00155694,0.00155694
19,144.43,1.3528,1.34857,1.04581,0.99074,1,0.995,0.81493,0.85837,0.90218,0.81657,0.0836396,0.00163962,0.00163962
20,151.739,1.21886,1.23909,1.14486,0.99074,1,0.995,0.81493,0.85837,0.90218,0.81657,0.0827213,0.00172131,0.00172131
21,158.999,1.12404,1.26148,0.94006,0.99232,1,0.995,0.82749,0.73599,0.82282,0.81125,0.081802,0.001802,0.001802
22,166.269,1.22037,0.98305,1.04302,0.99232,1,0.995,0.82749,0.73599,0.82282,0.81125,0.0808817,0.0018817,0.0018817
23,173.522,0.96785,0.98312,0.97301,0.99166,1,0.995,0.74497,1.01504,0.87141,0.84227,0.0799604,0.00196042,0.00196042
24,180.606,0.97987,0.85355,0.91962,0.99166,1,0.995,0.74497,1.01504,0.87141,0.84227,0.0790381,0.00203814,0.00203814
25,187.843,1.15635,0.938,0.97307,0.99481,1,0.995,0.83272,0.69088,0.62302,0.79521,0.0781149,0.00211488,0.00211488
26,195.041,0.89568,0.75098,0.86409,0.99481,1,0.995,0.83272,0.69088,0.62302,0.79521,0.0771906,0.00219062,0.00219062
27,202.165,0.98988,0.82353,0.89388,0.9945,1,0.995,0.71605,1.08896,0.8173,0.86775,0.0762654,0.00226538,0.00226538
28,209.078,0.93933,0.70229,0.91449,0.9945,1,0.995,0.71605,1.08896,0.8173,0.86775,0.0753391,0.00233914,0.00233914
29,216.372,0.94299,0.86346,0.92206,0.99508,1,0.995,0.85208,0.62773,0.59923,0.77929,0.0744119,0.00241192,0.00241192
30,223.775,0.83431,0.67945,0.88536,0.99508,1,0.995,0.85208,0.62773,0.59923,0.77929,0.0734837,0.00248371,0.00248371
31,230.839,0.8862,0.70158,0.94107,0.99349,1,0.995,0.76528,0.8654,0.74198,0.86422,0.0725545,0.0025545,0.0025545
32,237.731,0.86984,0.59716,0.87494,0.99349,1,0.995,0.76528,0.8654,0.74198,0.86422,0.0716243,0.00262431,0.00262431
33,244.746,1.05845,0.77994,1.05561,0.98852,1,0.995,0.82618,0.69923,0.99213,0.80267,0.0706931,0.00269312,0.00269312
34,251.785,0.8494,0.84868,0.99231,0.98852,1,0.995,0.82618,0.69923,0.99213,0.80267,0.0697609,0.00276095,0.00276095
35,258.827,0.87067,0.79675,0.91237,0.9951,1,0.995,0.82586,0.72835,0.61647,0.7855,0.0688278,0.00282778,0.00282778
36,265.787,0.83687,0.68085,0.89201,0.9951,1,0.995,0.82586,0.72835,0.61647,0.7855,0.0678936,0.00289362,0.00289362
37,273.019,0.96551,0.67543,1.04556,0.99345,1,0.995,0.8565,0.73786,0.5308,0.77137,0.0669585,0.00295848,0.00295848
38,280.233,0.83591,0.56242,0.89713,0.99345,1,0.995,0.8565,0.73786,0.5308,0.77137,0.0660223,0.00302235,0.00302235
39,287.471,0.68733,0.56361,0.83648,0.99497,1,0.995,0.81201,0.71871,0.55659,0.78953,0.0650852,0.00308522,0.00308522
40,294.6,0.66924,0.5353,0.8583,0.99497,1,0.995,0.81201,0.71871,0.55659,0.78953,0.0641471,0.0031471,0.0031471
41,301.647,0.61763,0.48767,0.82968,0.9944,1,0.995,0.84947,0.64751,0.45375,0.79135,0.063208,0.003208,0.003208
42,308.64,0.63647,0.51705,0.90765,0.9944,1,0.995,0.84947,0.64751,0.45375,0.79135,0.0622679,0.0032679,0.0032679
43,315.902,0.62653,0.51028,0.89355,0.99488,1,0.995,0.82259,0.70418,0.5054,0.77987,0.0613268,0.00332682,0.00332682
44,323.143,0.906,0.59759,0.97514,0.99488,1,0.995,0.82259,0.70418,0.5054,0.77987,0.0603847,0.00338474,0.00338474
45,330.21,0.74165,0.51104,0.86592,0.99436,1,0.995,0.87268,0.59632,0.41718,0.78055,0.0594417,0.00344168,0.00344168
46,337.382,0.84286,0.62232,0.91325,0.99436,1,0.995,0.87268,0.59632,0.41718,0.78055,0.0584976,0.00349763,0.00349763
47,344.61,0.86777,0.50611,0.89467,0.99406,1,0.995,0.7239,0.91998,0.53796,0.88131,0.0575526,0.00355258,0.00355258
48,351.801,0.83913,0.51226,0.87404,0.99406,1,0.995,0.7239,0.91998,0.53796,0.88131,0.0566065,0.00360655,0.00360655
49,358.783,0.73892,0.44048,0.87133,0.99435,1,0.995,0.83495,0.66082,0.43895,0.81016,0.0556595,0.00365952,0.00365952
50,365.748,0.85308,0.55318,0.86258,0.99435,1,0.995,0.83495,0.66082,0.43895,0.81016,0.0547115,0.0037115,0.0037115
51,372.729,0.68009,0.46162,0.91377,0.99491,1,0.995,0.77362,0.85209,0.56961,0.88109,0.0537625,0.0037625,0.0037625
52,379.823,0.76796,0.54983,0.89633,0.99491,1,0.995,0.77362,0.85209,0.56961,0.88109,0.0528125,0.0038125,0.0038125
53,386.866,0.82259,0.56735,0.91746,0.99491,1,0.995,0.77362,0.85209,0.56961,0.88109,0.0518615,0.00386152,0.00386152
54,394.68,0.85008,0.6292,0.92135,0.98268,1,0.995,0.85186,0.68883,0.87253,0.79831,0.0509095,0.00390954,0.00390954
55,402.709,0.86502,1.02385,0.87386,0.98268,1,0.995,0.85186,0.68883,0.87253,0.79831,0.0499566,0.00395658,0.00395658
56,410.763,0.92683,0.93725,0.92892,0.98268,1,0.995,0.85186,0.68883,0.87253,0.79831,0.0490026,0.00400263,0.00400263
57,418.797,0.55914,0.77396,0.7922,0.99205,1,0.995,0.83384,0.63959,0.55324,0.80092,0.0480477,0.00404768,0.00404768
58,426.746,0.70594,0.49191,0.87645,0.99205,1,0.995,0.83384,0.63959,0.55324,0.80092,0.0470917,0.00409174,0.00409174
59,434.701,0.68651,0.46302,0.81583,0.99205,1,0.995,0.83384,0.63959,0.55324,0.80092,0.0461348,0.00413482,0.00413482
60,442.658,0.5864,0.49096,0.83118,0.99194,1,0.995,0.86826,0.68224,0.64612,0.81694,0.0451769,0.0041769,0.0041769
61,449.864,0.88333,0.73386,0.92164,0.99194,1,0.995,0.86826,0.68224,0.64612,0.81694,0.044218,0.004218,0.004218
62,457.081,0.85954,0.73464,0.92517,0.99194,1,0.995,0.86826,0.68224,0.64612,0.81694,0.0432581,0.0042581,0.0042581
63,464.227,0.81326,0.65807,0.88676,0.99359,1,0.995,0.80563,0.65984,0.85708,0.84344,0.0422972,0.00429722,0.00429722
64,471.542,0.70853,0.60813,0.88361,0.99359,1,0.995,0.80563,0.65984,0.85708,0.84344,0.0413353,0.00433535,0.00433535
65,478.56,0.77258,0.64539,0.88944,0.99359,1,0.995,0.80563,0.65984,0.85708,0.84344,0.0403725,0.00437248,0.00437248
66,485.647,0.799,0.79295,0.8888,0.99251,1,0.995,0.81038,0.70636,0.49381,0.85376,0.0394086,0.00440863,0.00440863
67,492.575,0.73363,0.54792,0.87681,0.99251,1,0.995,0.81038,0.70636,0.49381,0.85376,0.0384438,0.00444378,0.00444378
68,499.558,0.58395,0.52262,0.85034,0.99251,1,0.995,0.81038,0.70636,0.49381,0.85376,0.0374779,0.00447795,0.00447795
69,506.596,0.83239,0.55066,0.84977,0.99121,1,0.995,0.87836,0.50649,1.1207,0.82343,0.0365111,0.00451112,0.00451112
70,513.607,0.70302,0.66835,0.87895,0.99121,1,0.995,0.87836,0.50649,1.1207,0.82343,0.0355433,0.00454331,0.00454331
71,520.638,0.77373,0.56992,0.87716,0.99121,1,0.995,0.87836,0.50649,1.1207,0.82343,0.0345745,0.0045745,0.0045745
72,527.897,0.59665,0.83249,0.82702,0.99226,1,0.995,0.86335,0.54297,0.56846,0.8371,0.0336047,0.0046047,0.0046047
73,535.076,0.65078,0.56817,0.86436,0.99226,1,0.995,0.86335,0.54297,0.56846,0.8371,0.0326339,0.00463392,0.00463392
74,542.194,0.72538,0.6271,0.85671,0.99226,1,0.995,0.86335,0.54297,0.56846,0.8371,0.0316621,0.00466215,0.00466215
75,549.268,0.62052,0.69146,0.91853,0.99447,1,0.995,0.89696,0.48778,0.94117,0.82487,0.0306894,0.00468938,0.00468938
76,556.493,0.57971,0.47067,0.8724,0.99447,1,0.995,0.89696,0.48778,0.94117,0.82487,0.0297156,0.00471563,0.00471563
77,563.644,0.62808,0.48472,0.82462,0.99447,1,0.995,0.89696,0.48778,0.94117,0.82487,0.0287409,0.00474088,0.00474088
78,570.897,0.62741,0.57273,0.90111,0.99378,1,0.995,0.86202,0.61115,0.57836,0.84473,0.0277651,0.00476515,0.00476515
79,578.342,0.76594,0.92795,0.88442,0.99378,1,0.995,0.86202,0.61115,0.57836,0.84473,0.0267884,0.00478842,0.00478842
80,585.416,0.71194,0.70443,0.86,0.99378,1,0.995,0.86202,0.61115,0.57836,0.84473,0.0258107,0.00481071,0.00481071
81,592.599,0.77228,0.62527,0.91917,0.99412,1,0.995,0.89026,0.47377,0.5583,0.82138,0.024832,0.004832,0.004832
82,599.963,0.63624,0.56384,0.87894,0.99412,1,0.995,0.89026,0.47377,0.5583,0.82138,0.0238523,0.00485231,0.00485231
83,607.396,0.61775,0.5838,0.90768,0.99412,1,0.995,0.89026,0.47377,0.5583,0.82138,0.0228716,0.00487162,0.00487162
84,614.631,0.6959,0.55461,0.92475,0.99417,1,0.995,0.84874,0.61599,0.48076,0.85344,0.0218899,0.00488994,0.00488994
85,621.792,0.69513,0.52428,0.92765,0.99417,1,0.995,0.84874,0.61599,0.48076,0.85344,0.0209073,0.00490728,0.00490728
86,629.1,0.68953,0.55617,0.88175,0.99417,1,0.995,0.84874,0.61599,0.48076,0.85344,0.0199236,0.00492362,0.00492362
87,636.19,0.74376,0.4756,0.87419,0.99417,1,0.995,0.84874,0.61599,0.48076,0.85344,0.018939,0.00493898,0.00493898
88,643.302,0.66665,0.65056,0.87687,0.99428,1,0.995,0.83086,0.61614,0.5447,0.85046,0.0179533,0.00495334,0.00495334
89,650.385,0.67688,0.44404,0.86276,0.99428,1,0.995,0.83086,0.61614,0.5447,0.85046,0.0169667,0.00496672,0.00496672
90,657.595,0.72545,0.59849,0.89327,0.99428,1,0.995,0.83086,0.61614,0.5447,0.85046,0.0159791,0.0049791,0.0049791
91,664.957,0.76001,0.54732,0.88161,0.99428,1,0.995,0.83086,0.61614,0.5447,0.85046,0.0149905,0.0049905,0.0049905
92,673.046,0.79261,0.45786,0.88109,0.99185,1,0.995,0.84073,0.71904,0.52161,0.91836,0.0140009,0.0050009,0.0050009
93,680.294,0.78342,0.45344,0.87962,0.99185,1,0.995,0.84073,0.71904,0.52161,0.91836,0.0130103,0.00501032,0.00501032
94,687.638,0.7562,0.47362,0.87828,0.99185,1,0.995,0.84073,0.71904,0.52161,0.91836,0.0120187,0.00501874,0.00501874
95,694.894,0.86017,0.65184,0.89764,0.99185,1,0.995,0.84073,0.71904,0.52161,0.91836,0.0110262,0.00502618,0.00502618
96,702.385,1.01894,0.76408,1.02019,0.99145,1,0.995,0.84431,0.56517,0.44858,0.845,0.0100326,0.00503263,0.00503263
97,709.599,0.5422,0.40869,0.82081,0.99145,1,0.995,0.84431,0.56517,0.44858,0.845,0.00903808,0.00503808,0.00503808
98,716.74,0.7222,0.5205,0.90129,0.99145,1,0.995,0.84431,0.56517,0.44858,0.845,0.00804254,0.00504255,0.00504255
99,723.977,0.70657,0.48386,0.88755,0.99145,1,0.995,0.84431,0.56517,0.44858,0.845,0.00704602,0.00504602,0.00504602
100,731.145,0.68021,0.43585,0.80423,0.99443,1,0.995,0.85215,0.68084,0.83593,0.90953,0.00604851,0.0050485,0.0050485
101,738.287,0.62351,0.51135,0.89166,0.99443,1,0.995,0.85215,0.68084,0.83593,0.90953,0.00505,0.00505,0.00505
102,745.718,0.64043,0.52295,0.89765,0.99443,1,0.995,0.85215,0.68084,0.83593,0.90953,0.0050005,0.0050005,0.0050005
103,752.941,0.65889,0.53278,0.89421,0.99443,1,0.995,0.85215,0.68084,0.83593,0.90953,0.004951,0.004951,0.004951
104,760.073,0.68015,0.46869,0.87299,0.99272,1,0.995,0.86175,0.58478,0.46194,0.86129,0.0049015,0.0049015,0.0049015
105,767.264,0.92466,0.48159,0.9741,0.99272,1,0.995,0.86175,0.58478,0.46194,0.86129,0.004852,0.004852,0.004852
106,774.93,0.71099,0.4826,0.89976,0.99272,1,0.995,0.86175,0.58478,0.46194,0.86129,0.0048025,0.0048025,0.0048025
107,782.167,0.72262,0.4286,0.84851,0.99272,1,0.995,0.86175,0.58478,0.46194,0.86129,0.004753,0.004753,0.004753
108,789.805,0.65876,0.45851,0.896,0.99139,1,0.995,0.84552,0.63922,0.42574,0.87292,0.0047035,0.0047035,0.0047035
109,797.683,0.56351,0.42096,0.85973,0.99139,1,0.995,0.84552,0.63922,0.42574,0.87292,0.004654,0.004654,0.004654
110,805.43,0.71089,0.47967,0.85419,0.99139,1,0.995,0.84552,0.63922,0.42574,0.87292,0.0046045,0.0046045,0.0046045
111,813.367,0.70451,0.49887,0.86232,0.99139,1,0.995,0.84552,0.63922,0.42574,0.87292,0.004555,0.004555,0.004555
112,821.68,0.57975,0.41832,0.8863,0.99361,1,0.995,0.83766,0.64314,0.44767,0.8749,0.0045055,0.0045055,0.0045055
113,829.453,0.55121,0.37389,0.88116,0.99361,1,0.995,0.83766,0.64314,0.44767,0.8749,0.004456,0.004456,0.004456
114,837.022,0.63228,0.47371,0.87652,0.99361,1,0.995,0.83766,0.64314,0.44767,0.8749,0.0044065,0.0044065,0.0044065
115,844.384,0.58397,0.36376,0.84498,0.99361,1,0.995,0.83766,0.64314,0.44767,0.8749,0.004357,0.004357,0.004357
116,851.818,0.62599,0.38842,0.84848,0.99511,1,0.995,0.86381,0.52456,0.41376,0.82911,0.0043075,0.0043075,0.0043075
117,858.994,0.66087,0.42595,0.83592,0.99511,1,0.995,0.86381,0.52456,0.41376,0.82911,0.004258,0.004258,0.004258
118,866.223,0.5398,0.40484,0.85669,0.99511,1,0.995,0.86381,0.52456,0.41376,0.82911,0.0042085,0.0042085,0.0042085
119,873.483,0.58715,0.42116,0.846,0.99511,1,0.995,0.86381,0.52456,0.41376,0.82911,0.004159,0.004159,0.004159
120,880.966,0.67531,0.42803,0.8348,0.99484,1,0.995,0.83749,0.69988,0.49829,0.91177,0.0041095,0.0041095,0.0041095
121,888.275,0.68489,0.45293,0.89243,0.99484,1,0.995,0.83749,0.69988,0.49829,0.91177,0.00406,0.00406,0.00406
122,895.438,0.67438,0.44849,0.91236,0.99484,1,0.995,0.83749,0.69988,0.49829,0.91177,0.0040105,0.0040105,0.0040105
123,902.681,0.67917,0.42737,0.85764,0.99484,1,0.995,0.83749,0.69988,0.49829,0.91177,0.003961,0.003961,0.003961
124,910.12,0.71417,0.39649,0.87494,0.99403,1,0.995,0.86397,0.53467,0.39759,0.83398,0.0039115,0.0039115,0.0039115
125,917.388,0.71043,0.42962,0.86072,0.99403,1,0.995,0.86397,0.53467,0.39759,0.83398,0.003862,0.003862,0.003862
126,924.616,0.57539,0.40915,0.87792,0.99403,1,0.995,0.86397,0.53467,0.39759,0.83398,0.0038125,0.0038125,0.0038125
127,931.961,0.64197,0.36603,0.80982,0.99403,1,0.995,0.86397,0.53467,0.39759,0.83398,0.003763,0.003763,0.003763
128,939.839,0.62424,0.3836,0.78754,0.99462,1,0.995,0.85297,0.59322,0.44042,0.8722,0.0037135,0.0037135,0.0037135
129,947.264,0.69978,0.41657,0.89281,0.99462,1,0.995,0.85297,0.59322,0.44042,0.8722,0.003664,0.003664,0.003664
130,954.757,0.63884,0.41737,0.88163,0.99462,1,0.995,0.85297,0.59322,0.44042,0.8722,0.0036145,0.0036145,0.0036145
131,962.111,0.48699,0.3778,0.8189,0.99462,1,0.995,0.85297,0.59322,0.44042,0.8722,0.003565,0.003565,0.003565
132,969.542,0.60179,0.36806,0.84062,0.99445,1,0.995,0.90054,0.4842,0.35477,0.82818,0.0035155,0.0035155,0.0035155
133,976.984,0.5616,0.41228,0.85098,0.99445,1,0.995,0.90054,0.4842,0.35477,0.82818,0.003466,0.003466,0.003466
134,984.254,0.59292,0.3542,0.8182,0.99445,1,0.995,0.90054,0.4842,0.35477,0.82818,0.0034165,0.0034165,0.0034165
135,991.414,0.59952,0.3923,0.86426,0.99445,1,0.995,0.90054,0.4842,0.35477,0.82818,0.003367,0.003367,0.003367
136,998.559,0.53313,0.37749,0.83981,0.99472,1,0.995,0.83158,0.65764,0.41242,0.93387,0.0033175,0.0033175,0.0033175
137,1005.84,0.53611,0.32565,0.83804,0.99472,1,0.995,0.83158,0.65764,0.41242,0.93387,0.003268,0.003268,0.003268
138,1014.16,0.58468,0.41187,0.86622,0.99472,1,0.995,0.83158,0.65764,0.41242,0.93387,0.0032185,0.0032185,0.0032185
139,1021.27,0.72698,0.45456,0.8752,0.99472,1,0.995,0.83158,0.65764,0.41242,0.93387,0.003169,0.003169,0.003169
140,1028.5,0.59471,0.40854,0.86325,0.99494,1,0.995,0.85814,0.49081,0.37435,0.86901,0.0031195,0.0031195,0.0031195
141,1035.63,0.49292,0.34945,0.8483,0.99494,1,0.995,0.85814,0.49081,0.37435,0.86901,0.00307,0.00307,0.00307
142,1042.87,0.60485,0.44715,0.89885,0.99494,1,0.995,0.85814,0.49081,0.37435,0.86901,0.0030205,0.0030205,0.0030205
143,1050.03,0.62288,0.39593,0.8526,0.99494,1,0.995,0.85814,0.49081,0.37435,0.86901,0.002971,0.002971,0.002971
144,1057.53,0.61518,0.38696,0.85799,0.99448,1,0.995,0.89221,0.45993,0.34279,0.84619,0.0029215,0.0029215,0.0029215
145,1065.01,0.49836,0.33665,0.82932,0.99448,1,0.995,0.89221,0.45993,0.34279,0.84619,0.002872,0.002872,0.002872
146,1072.37,0.50602,0.3397,0.848,0.99448,1,0.995,0.89221,0.45993,0.34279,0.84619,0.0028225,0.0028225,0.0028225
147,1079.58,0.60493,0.36581,0.84756,0.99448,1,0.995,0.89221,0.45993,0.34279,0.84619,0.002773,0.002773,0.002773
148,1086.99,0.59475,0.41061,0.84222,0.99407,1,0.995,0.89992,0.46886,0.34329,0.8528,0.0027235,0.0027235,0.0027235
149,1094.54,0.5335,0.36301,0.83854,0.99407,1,0.995,0.89992,0.46886,0.34329,0.8528,0.002674,0.002674,0.002674
150,1101.79,0.76259,0.42718,0.90412,0.99407,1,0.995,0.89992,0.46886,0.34329,0.8528,0.0026245,0.0026245,0.0026245
151,1108.99,0.59818,0.37136,0.86985,0.99407,1,0.995,0.89992,0.46886,0.34329,0.8528,0.002575,0.002575,0.002575
152,1116.16,0.53627,0.32995,0.82276,0.99353,1,0.995,0.89463,0.40912,0.33424,0.8219,0.0025255,0.0025255,0.0025255
153,1123.16,0.54011,0.39922,0.92808,0.99353,1,0.995,0.89463,0.40912,0.33424,0.8219,0.002476,0.002476,0.002476
154,1130.18,0.50505,0.34815,0.82465,0.99353,1,0.995,0.89463,0.40912,0.33424,0.8219,0.0024265,0.0024265,0.0024265
155,1137.35,0.52337,0.33752,0.86024,0.99353,1,0.995,0.89463,0.40912,0.33424,0.8219,0.002377,0.002377,0.002377
156,1144.85,0.47732,0.34205,0.79505,0.9936,1,0.995,0.89792,0.39844,0.29622,0.82083,0.0023275,0.0023275,0.0023275
157,1152.31,0.57169,0.37148,0.8626,0.9936,1,0.995,0.89792,0.39844,0.29622,0.82083,0.002278,0.002278,0.002278
158,1159.28,0.53003,0.33552,0.88434,0.9936,1,0.995,0.89792,0.39844,0.29622,0.82083,0.0022285,0.0022285,0.0022285
159,1166.42,0.51934,0.31937,0.85005,0.9936,1,0.995,0.89792,0.39844,0.29622,0.82083,0.002179,0.002179,0.002179
160,1173.62,0.55186,0.35088,0.83492,0.99318,1,0.995,0.88806,0.47681,0.30883,0.83503,0.0021295,0.0021295,0.0021295
161,1181.39,0.4926,0.29277,0.81424,0.99318,1,0.995,0.88806,0.47681,0.30883,0.83503,0.00208,0.00208,0.00208
162,1188.8,0.58917,0.40725,0.90792,0.99318,1,0.995,0.88806,0.47681,0.30883,0.83503,0.0020305,0.0020305,0.0020305
163,1197.02,0.5101,0.28949,0.77535,0.99318,1,0.995,0.88806,0.47681,0.30883,0.83503,0.001981,0.001981,0.001981
164,1204.79,0.5134,0.29542,0.87413,0.99393,1,0.995,0.90723,0.44503,0.32474,0.82519,0.0019315,0.0019315,0.0019315
165,1212.28,0.4202,0.25633,0.84746,0.99393,1,0.995,0.90723,0.44503,0.32474,0.82519,0.001882,0.001882,0.001882
166,1219.97,0.59226,0.36245,0.91337,0.99393,1,0.995,0.90723,0.44503,0.32474,0.82519,0.0018325,0.0018325,0.0018325
167,1227.44,0.4474,0.27554,0.80284,0.99393,1,0.995,0.90723,0.44503,0.32474,0.82519,0.001783,0.001783,0.001783
168,1235.58,0.57078,0.43894,0.90972,0.99442,1,0.995,0.90718,0.43835,0.34539,0.8286,0.0017335,0.0017335,0.0017335
169,1243.03,0.40535,0.26095,0.77744,0.99442,1,0.995,0.90718,0.43835,0.34539,0.8286,0.001684,0.001684,0.001684
170,1250.43,0.55167,0.29912,0.90604,0.99442,1,0.995,0.90718,0.43835,0.34539,0.8286,0.0016345,0.0016345,0.0016345
171,1257.48,0.55719,0.38878,0.81468,0.99442,1,0.995,0.90718,0.43835,0.34539,0.8286,0.001585,0.001585,0.001585
172,1264.85,0.49668,0.35544,0.86713,0.99446,1,0.995,0.90732,0.48158,0.3233,0.83523,0.0015355,0.0015355,0.0015355
173,1272.15,0.45824,0.30946,0.79504,0.99446,1,0.995,0.90732,0.48158,0.3233,0.83523,0.001486,0.001486,0.001486
174,1280.09,0.47285,0.28205,0.85141,0.99446,1,0.995,0.90732,0.48158,0.3233,0.83523,0.0014365,0.0014365,0.0014365
175,1287.44,0.51583,0.33683,0.84061,0.99446,1,0.995,0.90732,0.48158,0.3233,0.83523,0.001387,0.001387,0.001387
176,1294.89,0.439,0.30599,0.82395,0.99442,1,0.995,0.86256,0.52585,0.311,0.84554,0.0013375,0.0013375,0.0013375
177,1302.23,0.52727,0.29909,0.87227,0.99442,1,0.995,0.86256,0.52585,0.311,0.84554,0.001288,0.001288,0.001288
178,1309.54,0.44493,0.27855,0.81565,0.99442,1,0.995,0.86256,0.52585,0.311,0.84554,0.0012385,0.0012385,0.0012385
179,1316.84,0.42983,0.2833,0.82949,0.99442,1,0.995,0.86256,0.52585,0.311,0.84554,0.001189,0.001189,0.001189
180,1324.38,0.44104,0.33247,0.88365,0.99442,1,0.995,0.9043,0.45104,0.27747,0.82692,0.0011395,0.0011395,0.0011395
181,1331.82,0.43102,0.31417,0.84188,0.99442,1,0.995,0.9043,0.45104,0.27747,0.82692,0.00109,0.00109,0.00109
182,1339.19,0.4134,0.30652,0.78596,0.99442,1,0.995,0.9043,0.45104,0.27747,0.82692,0.0010405,0.0010405,0.0010405
183,1346.44,0.48573,0.32972,0.82346,0.99442,1,0.995,0.9043,0.45104,0.27747,0.82692,0.000991,0.000991,0.000991
184,1353.84,0.46217,0.30308,0.84057,0.99478,1,0.995,0.90969,0.4427,0.25129,0.82509,0.0009415,0.0009415,0.0009415
185,1361.21,0.37625,0.29505,0.91305,0.99478,1,0.995,0.90969,0.4427,0.25129,0.82509,0.000892,0.000892,0.000892
186,1368.48,0.43726,0.26584,0.85844,0.99478,1,0.995,0.90969,0.4427,0.25129,0.82509,0.0008425,0.0008425,0.0008425
187,1375.89,0.47667,0.33553,0.82107,0.99478,1,0.995,0.90969,0.4427,0.25129,0.82509,0.000793,0.000793,0.000793
188,1383.07,0.46545,0.28295,0.83365,0.9947,1,0.995,0.91004,0.42343,0.24799,0.81871,0.0007435,0.0007435,0.0007435
189,1390.11,0.43342,0.27663,0.83138,0.9947,1,0.995,0.91004,0.42343,0.24799,0.81871,0.000694,0.000694,0.000694
190,1397.28,0.45683,0.30988,0.89963,0.9947,1,0.995,0.91004,0.42343,0.24799,0.81871,0.0006445,0.0006445,0.0006445
191,1404.48,0.45501,0.29454,0.70603,0.9947,1,0.995,0.91004,0.42343,0.24799,0.81871,0.000595,0.000595,0.000595
192,1411.68,0.37493,0.26069,0.76861,0.99479,1,0.995,0.91479,0.41521,0.24942,0.81755,0.0005455,0.0005455,0.0005455
193,1419.26,0.41557,0.27215,0.75856,0.99479,1,0.995,0.91479,0.41521,0.24942,0.81755,0.000496,0.000496,0.000496
194,1426.62,0.43721,0.29422,0.77344,0.99479,1,0.995,0.91479,0.41521,0.24942,0.81755,0.0004465,0.0004465,0.0004465
195,1433.78,0.50072,0.27965,0.80902,0.99479,1,0.995,0.91479,0.41521,0.24942,0.81755,0.000397,0.000397,0.000397
196,1440.86,0.42916,0.27685,0.80586,0.99467,1,0.995,0.91365,0.41444,0.24419,0.81789,0.0003475,0.0003475,0.0003475
197,1447.99,0.4901,0.26597,0.90604,0.99467,1,0.995,0.91365,0.41444,0.24419,0.81789,0.000298,0.000298,0.000298
198,1455.25,0.42904,0.27406,0.86248,0.99467,1,0.995,0.91365,0.41444,0.24419,0.81789,0.0002485,0.0002485,0.0002485
199,1462.38,0.45154,0.31058,0.82066,0.99467,1,0.995,0.91365,0.41444,0.24419,0.81789,0.000199,0.000199,0.000199
200,1469.65,0.47862,0.29043,0.80092,0.99465,1,0.995,0.90636,0.41429,0.2393,0.81823,0.0001495,0.0001495,0.0001495
